port_id,center_lat,center_lon,radius_km,num_points
0,31.06671043244576,122.81883944921104,25.59469904410242,2028
1,31.33919890088384,121.65230002272727,0.722596280543024,1584
2,10.65641503834741,103.49342551266832,4.474448250985133,4381
3,13.363524084907757,100.71124571682597,47.66484027797583,4499
4,21.547076536000002,108.68032849866665,22.447664671856142,1125
5,29.51638033969011,122.70060527771155,7.223548643793816,839
6,29.935898288559756,121.86884908733403,0.6444672352684767,1958
7,22.6469785625,113.6817023125,0.025510857332257837,128
